"user_id","full_name","role_name","customer_id"
1,Barry Franz,customer,BF-11005
2,Shirley Jackson,customer,SJ-20500
3,Eudokia Martin,customer,EM-14095
4,Susan Pistek,customer,SP-20920
5,Brian Thompson,customer,BT-11680
6,Jim Sink,customer,JS-15685
7,Bill Eplett,customer,BE-11335
8,Anna Andreadi,customer,AA-10645
9,Raymond Buch,customer,RB-19360
10,Daniel Byrd,customer,DB-12910
11,Nicole Fjeld,customer,NF-18595
12,Greg Maxwell,customer,GM-14695
13,Fred Wasserman,customer,FW-14395
14,Katherine Ducich,customer,KD-16345
15,Maureen Fritzler,customer,MF-17665
16,Dorris liebe,customer,Dl-13600
17,Dennis Kane,customer,DK-13375
18,Harry Greene,customer,HG-14845
19,Mitch Webber,customer,MW-18220
20,Nora Paige,customer,NP-18670
21,Michael Stewart,customer,MS-17980
22,Parhena Norris,customer,PN-18775
23,Sam Zeldin,customer,SZ-20035
24,Patrick Gardner,customer,PG-18820
25,Heather Kirkland,customer,HK-14890
26,Frank Atkinson,customer,FA-14230
27,Marc Crier,customer,MC-17275
28,Chuck Magee,customer,CM-12445
29,Bryan Spruell,customer,BS-11800
30,James Lanier,customer,JL-15175
31,Sally Matthias,customer,SM-20005
32,Allen Rosenblatt,customer,AR-10405
33,Karen Daniels,customer,KD-16270
34,Todd Sumrall,customer,TS-21370
35,Denise Monton,customer,DM-13345
36,Mike Caudle,customer,MC-18130
37,Roy Collins,customer,RC-19825
38,Kristen Hastings,customer,KH-16690
39,Pamela Stobb,customer,PS-18760
40,Ruben Ausman,customer,RA-19885
41,Nathan Cano,customer,NC-18415
42,Duane Noonan,customer,DN-13690
43,Khloe Miller,customer,KM-16660
44,Michelle Huthwaite,customer,MH-18025
45,Vivek Sundaresam,customer,VS-21820
46,Beth Fritzler,customer,BF-11275
47,Brendan Dodson,customer,BD-11560
48,Joni Blumstein,customer,JB-15925
49,Jason Fortune-,customer,JF-15295
50,Sung Shariari,customer,SS-20875
51,Andrew Allen,customer,AA-10480
52,Corey Roper,customer,CR-12625
53,Brian Moss,customer,BM-11650
54,Michael Oakman,customer,MO-17950
55,Edward Nazzal,customer,EN-13780
56,Roy Skaria,customer,RS-19870
57,Anthony O'Donnell,customer,AO-10810
58,Roger Demir,customer,RD-19720
59,Marina Lichtenstein,customer,ML-17395
60,Cindy Schnelling,customer,CS-12490
61,Richard Eichhorn,customer,RE-19450
62,Daniel Raglin,customer,DR-12940
63,Zuschuss Donatelli,customer,ZD-21925
64,Brad Eason,customer,BE-11455
65,Frank Preis,customer,FP-14320
66,Dana Kaydos,customer,DK-12895
67,Natalie DeCherney,customer,ND-18370
68,Evan Bailliet,customer,EB-14170
69,Shaun Chance,customer,SC-20440
70,Ralph Arnett,customer,RA-19285
71,Rick Hansen,customer,RH-19495
72,Scot Wooten,customer,SW-20245
73,Trudy Brown,customer,TB-21625
74,Tom Prescott,customer,TP-21415
75,Doug Jacobs,customer,DJ-13630
76,Greg Hansen,customer,GH-14665
77,Lauren Leatherbury,customer,LL-16840
78,Sean Wendt,customer,SW-20350
79,Gary McGarr,customer,GM-14440
80,Anna Gayman,customer,AG-10675
81,Helen Wasserman,customer,HW-14935
82,Helen Andreada,customer,HA-14920
83,Sandra Glassco,customer,SG-20080
84,Gary Hwang,customer,GH-14425
85,Tonja Turnell,customer,TT-21460
86,Roy Phan,customer,RP-19855
87,Penelope Sewall,customer,PS-19045
88,Dean Braden,customer,DB-13210
89,Lindsay Shagiari,customer,LS-16975
90,Duane Huffman,customer,DH-13675
91,Ruben Dartt,customer,RD-19900
92,Cathy Prescott,customer,CP-12085
93,Tom Stivers,customer,TS-21430
94,Stephanie Ulpright,customer,SU-20665
95,Jim Radford,customer,JR-15670
96,Robert Marley,customer,RM-19675
97,Kean Thornton,customer,KT-16480
98,Michael Chen,customer,MC-17845
99,Yoseph Carroll,customer,YC-21895
100,Steven Roelle,customer,SR-20740
101,Joni Sundaresam,customer,JS-15940
102,Ralph Ritter,customer,RR-19315
103,Brooke Gillingham,customer,BG-11695
104,David Philippe,customer,DP-13165
105,Hunter Glantz,customer,HG-15025
106,Bobby Odegard,customer,BO-11425
107,Joel Jenkins,customer,JJ-15760
108,Max Jones,customer,MJ-17740
109,Maris LaWare,customer,ML-17410
110,Alan Schoenberger,customer,AS-10225
111,Carol Triggs,customer,CT-11995
112,Dorothy Badders,customer,DB-13555
113,Allen Goldenen,customer,AG-10390
114,Joni Wasserman,customer,JW-15955
115,Sandra Flanagan,customer,SF-20065
116,Tracy Zic,customer,TZ-21580
117,Janet Lee,customer,JL-15235
118,Eric Barreto,customer,EB-13930
119,Jill Matthias,customer,JM-15580
120,Philisse Overcash,customer,PO-19180
121,Joy Bell-,customer,JB-16000
122,Edward Hooks,customer,EH-13765
123,Muhammed Yedwab,customer,MY-18295
124,Karen Ferguson,customer,KF-16285
125,Deanra Eno,customer,DE-13255
126,Marc Harrigan,customer,MH-17290
127,Michelle Ellison,customer,ME-18010
128,Seth Vernon,customer,SV-20365
129,Sample Company A,customer,SC-20050
130,Carl Weiss,customer,CW-11905
131,Jasper Cacioppo,customer,JC-15340
132,Max Engle,customer,ME-17725
133,Laurel Elliston,customer,LE-16810
134,Darren Budd,customer,DB-12970
135,Clay Ludtke,customer,CL-12565
136,Peter McVee,customer,PM-19135
137,Troy Staebel,customer,TS-21610
138,Adrian Hane,customer,AH-10120
139,Cyra Reiten,customer,CR-12820
140,Joy Daniels,customer,JD-16015
141,Ricardo Emerson,customer,RE-19405
142,Patrick Jones,customer,PJ-18835
143,Shaun Weien,customer,SW-20455
144,Ben Ferrer,customer,BF-11170
145,Karl Braun,customer,KB-16315
146,Denny Blanton,customer,DB-13405
147,Berenike Kampe,customer,BK-11260
148,Benjamin Farhat,customer,BF-11215
149,Paul Prost,customer,PP-18955
150,Nora Preis,customer,NP-18700
151,Paul MacIntyre,customer,PM-18940
152,Roy Französisch,customer,RF-19840
153,Barry Französisch,customer,BF-11020
154,Alejandro Grove,customer,AG-10270
155,Olvera Toch,customer,OT-18730
156,Tamara Willingham,customer,TW-21025
157,Sean O'Donnell,customer,SO-20335
158,Katherine Murray,customer,KM-16375
159,Shahid Hopkins,customer,SH-20395
160,Ted Butterfield,customer,TB-21055
161,Ed Ludwig,customer,EL-13735
162,Greg Guthrie,customer,GG-14650
163,Janet Martin,customer,JM-15250
164,Saphhira Shifley,customer,SS-20140
165,Brad Thomas,customer,BT-11485
166,Aaron Hawkins,customer,AH-10030
167,Sara Luxemburg,customer,SL-20155
168,Randy Ferguson,customer,RF-19345
169,George Zrebassa,customer,GZ-14545
170,Alex Grayson,customer,AG-10330
171,Robert Waldorf,customer,RW-19690
172,Speros Goranitis,customer,SG-20605
173,Xylona Preis,customer,XP-21865
174,Alice McCarthy,customer,AM-10360
175,Justin Ellison,customer,JE-16165
176,Maria Zettner,customer,MZ-17335
177,Chad Cunningham,customer,CC-12100
178,Naresj Patel,customer,NP-18325
179,Jonathan Howell,customer,JH-15910
180,Darrin Sayre,customer,DS-13030
181,Neoma Murray,customer,NM-18520
182,Pauline Johnson,customer,PJ-19015
183,Darren Koutras,customer,DK-12985
184,Matt Abelman,customer,MA-17560
185,Clay Rozendal,customer,CR-12580
186,Lena Radford,customer,LR-16915
187,Chad Sievert,customer,CS-12130
188,Peter Bühler,customer,PB-19105
189,Scott Cohen,customer,SC-20260
190,Michael Moore,customer,MM-17920
191,Shui Tom,customer,ST-20530
192,Max Ludwig,customer,ML-17755
193,Erica Hackney,customer,EH-13990
194,Nicole Brennan,customer,NB-18580
195,Joseph Airdo,customer,JA-15970
196,Patricia Hirasaki,customer,PH-18790
197,Justin Hirsh,customer,JH-16180
198,Nancy Lomonaco,customer,NL-18310
199,Kristina Nunn,customer,KN-16705
200,Anna Häberlin,customer,AH-10690
201,Jennifer Patt,customer,JP-15460
202,Corey-Lock,customer,Co-12640
203,Sonia Sunley,customer,SS-20590
204,Erin Smith,customer,ES-14080
205,Maribeth Yedwab,customer,MY-17380
206,Dave Kipp,customer,DK-13090
207,Craig Carreira,customer,CC-12670
208,Annie Zypern,customer,AZ-10750
209,Charlotte Melton,customer,CM-12190
210,Mathew Reese,customer,MR-17545
211,Maureen Gnade,customer,MG-17695
212,Toby Ritter,customer,TR-21325
213,Arthur Gainer,customer,AG-10900
214,Thais Sissman,customer,TS-21085
215,Catherine Glotzbach,customer,CG-12040
216,Denise Leinenbach,customer,DL-13330
217,Gary Hansen,customer,GH-14410
218,Carol Adams,customer,CA-11965
219,Lisa DeCherney,customer,LD-17005
220,Sanjit Jacobs,customer,SJ-20125
221,Henry MacAllister,customer,HM-14980
222,Herbert Flentye,customer,HF-14995
223,Roger Barcio,customer,RB-19705
224,Aleksandra Gannaway,customer,AG-10300
225,Phillip Flathmann,customer,PF-19225
226,Rob Beeghly,customer,RB-19570
227,Ken Black,customer,KB-16585
228,Eugene Barchas,customer,EB-14110
229,Jim Karlsson,customer,JK-15625
230,Tanja Norvell,customer,TN-21040
231,Annie Thurman,customer,AT-10735
232,Janet Molinari,customer,JM-15265
233,Cindy Chapman,customer,CC-12475
234,Mary O'Rourke,customer,MO-17500
235,Kean Nguyen,customer,KN-16450
236,Andy Reiter,customer,AR-10540
237,John Lucas,customer,JL-15850
238,Trudy Glocke,customer,TG-21640
239,Tracy Collins,customer,TC-21535
240,Rob Haberlin,customer,RH-19600
241,Nathan Mautz,customer,NM-18445
242,Dianna Wilson,customer,DW-13480
243,Lena Cacioppo,customer,LC-16870
244,Chuck Clark,customer,CC-12430
245,Jenna Caffey,customer,JC-15385
246,Linda Cazamias,customer,LC-16930
247,Frank Gastineau,customer,FG-14260
248,Alan Barnes,customer,AB-10165
249,David Smith,customer,DS-13180
250,Erin Mull,customer,EM-14065
251,Resi Pölking,customer,RP-19390
252,Nora Pelletier,customer,NP-18685
253,Monica Federle,customer,MF-18250
254,Zuschuss Carroll,customer,ZC-21910
255,Patrick Bzostek,customer,PB-18805
256,Cynthia Delaney,customer,CD-12790
257,Becky Pak,customer,BP-11155
258,Noel Staavos,customer,NS-18640
259,Anthony Jacobs,customer,AJ-10780
260,Scot Coram,customer,SC-20230
261,Liz Willingham,customer,LW-17125
262,Nathan Gelder,customer,NG-18430
263,Jim Epp,customer,JE-15610
264,Bobby Trafton,customer,BT-11440
265,Nat Gilpin,customer,NG-18355
266,Don Miller,customer,DM-13525
267,Jack Lebron,customer,JL-15130
268,Neil Knudson,customer,NK-18490
269,Brosina Hoffman,customer,BH-11710
270,Philip Brown,customer,PB-19150
271,Julia Dunbar,customer,JD-16060
272,Muhammed MacIntyre,customer,MM-18280
273,Christina DeMoss,customer,CD-12280
274,Justin MacKendrick,customer,JM-16195
275,Theresa Coyne,customer,TC-21145
276,Anna Chung,customer,AC-10660
277,Nick Radford,customer,NR-18550
278,Frank Merwin,customer,FM-14290
279,Tim Brockman,customer,TB-21250
280,Pete Kriz,customer,PK-19075
281,Heather Jas,customer,HJ-14875
282,Sean Christensen,customer,SC-20305
283,Gene Hale,customer,GH-14485
284,Craig Carroll,customer,CC-12685
285,MaryBeth Skach,customer,MS-17530
286,Harold Ryan,customer,HR-14830
287,Jay Fein,customer,JF-15355
288,Benjamin Venier,customer,BV-11245
289,Ed Braxton,customer,EB-13705
290,Gary Mitchum,customer,GM-14455
291,Brian Derr,customer,BD-11635
292,Pauline Chand,customer,PC-19000
293,Dario Medina,customer,DM-12955
294,Mark Cousins,customer,MC-17425
295,Logan Currie,customer,LC-17140
296,Jennifer Jackson,customer,JJ-15445
297,Beth Thompson,customer,BT-11305
298,Charles Sheldon,customer,CS-12175
299,Jill Fjeld,customer,JF-15565
300,Neil Ducich,customer,ND-18460
301,Scott Williamson,customer,SW-20275
302,Darren Powers,customer,DP-13000
303,Emily Ducich,customer,ED-13885
304,Laurel Beltran,customer,LB-16795
305,Bart Watters,customer,BW-11110
306,Jeremy Ellison,customer,JE-15475
307,Katharine Harms,customer,KH-16330
308,Cassandra Brandow,customer,CB-12025
309,Carlos Meador,customer,CM-11935
310,Logan Haushalter,customer,LH-17155
311,Charles McCrossin,customer,CM-12160
312,Jack Garza,customer,JG-15115
313,Sung Pak,customer,SP-20860
314,Kelly Collister,customer,KC-16540
315,Evan Minnotte,customer,EM-14200
316,Ionia McGrath,customer,IM-15055
317,Meg Tillman,customer,MT-17815
318,Dennis Pardue,customer,DP-13390
319,Shirley Schmidt,customer,SS-20515
320,Darrin Van Huff,customer,DV-13045
321,Karen Bern,customer,KB-16240
322,Odella Nelson,customer,ON-18715
323,Lori Olson,customer,LO-17170
324,Joe Kamberova,customer,JK-15730
325,Mark Hamilton,customer,MH-17455
326,Andrew Roberts,customer,AR-10510
327,Steve Carroll,customer,SC-20680
328,Suzanne McNair,customer,SM-20950
329,Guy Phonely,customer,GP-14740
330,Debra Catini,customer,DC-13285
331,Paul Lucas,customer,PL-18925
332,Roland Fjeld,customer,RF-19735
333,Dave Hallsten,customer,DH-13075
334,Noah Childs,customer,NC-18625
335,Mark Haberlin,customer,MH-17440
336,Meg O'Connel,customer,MO-17800
337,Neola Schneider,customer,NS-18505
338,Thea Hudgings,customer,TH-21115
339,Erica Hernandez,customer,EH-14005
340,Georgia Rosenberg,customer,GR-14560
341,Don Weiss,customer,DW-13540
342,Christina Anderson,customer,CA-12265
343,Sanjit Chand,customer,SC-20095
344,Liz Thompson,customer,LT-17110
345,Patrick O'Donnell,customer,PO-18865
346,Becky Castell,customer,BC-11125
347,Jeremy Farry,customer,JF-15490
348,Philip Fox,customer,PF-19165
349,Dennis Bolton,customer,DB-13360
350,Stewart Visinsky,customer,SV-20785
351,Liz Pelletier,customer,LP-17080
352,Patrick O'Brill,customer,PO-18850
353,Tamara Manning,customer,TM-21010
354,Katherine Hughes,customer,KH-16360
355,David Bremer,customer,DB-13120
356,Rob Lucas,customer,RL-19615
357,Christopher Martinez,customer,CM-12385
358,Lisa Hazard,customer,LH-17020
359,Mitch Gastineau,customer,MG-18205
360,Jamie Kunitz,customer,JK-15205
361,Ken Dana,customer,KD-16615
362,Michael Nguyen,customer,MN-17935
363,Mike Gockenbach,customer,MG-18145
364,Maya Herman,customer,MH-17785
365,Christine Abelman,customer,CA-12310
366,Mick Crebagga,customer,MC-18100
367,Cindy Stewart,customer,CS-12505
368,Sonia Cooley,customer,SC-20575
369,Becky Martin,customer,BM-11140
370,Carlos Soltero,customer,CS-11950
371,Nona Balk,customer,NB-18655
372,Anthony Garverick,customer,AG-10765
373,Jocasta Rupert,customer,JR-15700
374,Stefanie Holloman,customer,SH-20635
375,Rachel Payne,customer,RP-19270
376,Anthony Witt,customer,AW-10840
377,Maxwell Schwartz,customer,MS-17770
378,John Dryer,customer,JD-15790
379,Dan Reichenbach,customer,DR-12880
380,Victoria Pisteka,customer,VP-21760
381,Ivan Gibson,customer,IG-15085
382,Quincy Jones,customer,QJ-19255
383,Robert Barroso,customer,RB-19645
384,Alyssa Tate,customer,AT-10435
385,Giulietta Weimer,customer,GW-14605
386,Harry Marie,customer,HM-14860
387,Jim Mitchum,customer,JM-15655
388,Jeremy Lonsdale,customer,JL-15505
389,Christina VanderZanden,customer,CV-12295
390,Barry Pond,customer,BP-11050
391,Joe Elijah,customer,JE-15715
392,Chloris Kastensmidt,customer,CK-12205
393,Brendan Sweed,customer,BS-11590
394,Michael Kennedy,customer,MK-17905
395,Eugene Moren,customer,EM-14140
396,Justin Ritter,customer,JR-16210
397,Sean Braxton,customer,SB-20290
398,Dave Brooks,customer,DB-13060
399,Tony Chapman,customer,TC-21475
400,Steve Chapman,customer,SC-20695
401,Irene Maddox,customer,IM-15070
402,Rose O'Brian,customer,RO-19780
403,Paul Van Hugh,customer,PV-18985
404,Cathy Hwang,customer,CH-12070
405,Ben Wallace,customer,BW-11200
406,Sarah Brown,customer,SB-20185
407,Sibella Parks,customer,SP-20545
408,Eugene Hildebrand,customer,EH-14125
409,Arianne Irving,customer,AI-10855
410,Dan Lawera,customer,DL-12865
411,James Galang,customer,JG-15160
412,Maribeth Schnelling,customer,MS-17365
413,John Grady,customer,JG-15805
414,Bruce Stewart,customer,BS-11755
415,Dan Campbell,customer,DC-12850
416,Maribeth Dona,customer,MD-17350
417,Sally Hughsby,customer,SH-19975
418,Ed Jacobs,customer,EJ-13720
419,Doug Bickford,customer,DB-13615
420,Christine Kargatis,customer,CK-12325
421,Thea Hendricks,customer,TH-21100
422,Sanjit Engle,customer,SE-20110
423,Alex Russell,customer,AR-10345
424,Valerie Mitchum,customer,VM-21685
425,Ryan Akin,customer,RA-19945
426,Emily Phan,customer,EP-13915
427,Chuck Sachs,customer,CS-12460
428,Art Ferguson,customer,AF-10870
429,Toby Swindell,customer,TS-21340
430,Kelly Lampkin,customer,KL-16555
431,Bruce Geld,customer,BG-11740
432,Christine Sundaresam,customer,CS-12355
433,Jill Stevenson,customer,JS-15595
434,Barry Blumstein,customer,BB-10990
435,Eileen Kiefer,customer,EK-13795
436,Jay Kimmel,customer,JK-15370
437,Julie Prescott,customer,JP-16135
438,Pete Armstrong,customer,PA-19060
439,Don Jones,customer,DJ-13510
440,Giulietta Dortch,customer,GD-14590
441,Ritsa Hightower,customer,RH-19555
442,Arthur Wiediger,customer,AW-10930
443,Magdelene Morse,customer,MM-17260
444,Natalie Webber,customer,NW-18400
445,Richard Bierner,customer,RB-19435
446,Filia McAdams,customer,FM-14215
447,Lindsay Williams,customer,LW-16990
448,David Flashing,customer,DF-13135
449,Maureen Gastineau,customer,MG-17680
450,Susan MacKendrick,customer,SM-20905
451,Kelly Andreada,customer,KA-16525
452,Anne McFarland,customer,AM-10705
453,Brian DeCherney,customer,BD-11620
454,Ellis Ballard,customer,EB-13840
455,Ashley Jarboe,customer,AJ-10945
456,Emily Burns,customer,EB-13870
457,Victoria Brennan,customer,VB-21745
458,Tim Taslimi,customer,TT-21265
459,Denny Ordway,customer,DO-13435
460,Maria Etezadi,customer,ME-17320
461,Barry Weirich,customer,BW-11065
462,Jesus Ocampo,customer,JO-15550
463,Theone Pippenger,customer,TP-21130
464,Ryan Crowe,customer,RC-19960
465,Stuart Calhoun,customer,SC-20800
466,Barbara Fisher,customer,BF-10975
467,Gene McClure,customer,GM-14500
468,Sam Craven,customer,SC-20020
469,Elpida Rittenbach,customer,ER-13855
470,Susan Gilcrest,customer,SG-20890
471,Brenda Bowman,customer,BB-11545
472,Karen Seio,customer,KS-16300
473,Frank Olsen,customer,FO-14305
474,Katrina Bavinger,customer,KB-16405
475,Rick Huthwaite,customer,RH-19510
476,Victor Preis,customer,VP-21730
477,Joseph Holt,customer,JH-15985
478,Andy Yotov,customer,AY-10555
479,Duane Benoit,customer,DB-13660
480,Craig Reiter,customer,CR-12730
481,Elizabeth Moffitt,customer,EM-13825
482,Adam Shillingsburg,customer,AS-10090
483,Julia Barnett,customer,JB-16045
484,Dean Katz,customer,DK-13225
485,Alan Shonely,customer,AS-10240
486,Ann Chong,customer,AC-10615
487,Rick Wilson,customer,RW-19540
488,Russell Applegate,customer,RA-19915
489,Pauline Webber,customer,PW-19030
490,Lena Creighton,customer,LC-16885
491,Todd Boyes,customer,TB-21355
492,Bryan Davis,customer,BD-11770
493,Ross DeVincentis,customer,RD-19810
494,Christopher Schild,customer,CS-12400
495,Clytie Kelty,customer,CK-12595
496,Phillip Breyer,customer,PB-19210
497,Eric Hoffmann,customer,EH-13945
498,George Ashbrook,customer,GA-14515
499,Greg Matthias,customer,GM-14680
500,Julie Creighton,customer,JC-16105
501,Vivian Mathis,customer,VM-21835
502,Brendan Murry,customer,BM-11575
503,Grant Thornton,customer,GT-14635
504,Victoria Wilson,customer,VW-21775
505,Sue Ann Reed,customer,SA-20830
506,Harold Pawlan,customer,HP-14815
507,Maurice Satty,customer,MS-17710
508,Tracy Poddar,customer,TP-21565
509,Lynn Smith,customer,LS-17245
510,Patrick Ryan,customer,PR-18880
511,Michelle Lonsdale,customer,ML-18040
512,Doug O'Connell,customer,DO-13645
513,Katherine Nockton,customer,KN-16390
514,Shahid Shariari,customer,SS-20410
515,Eva Jacobs,customer,EJ-14155
516,Jessica Myrick,customer,JM-15535
517,Cyma Kinney,customer,CK-12760
518,Joel Eaton,customer,JE-15745
519,Ken Heidel,customer,KH-16630
520,Caroline Jumper,customer,CJ-12010
521,Roland Murray,customer,RM-19750
522,Andy Gerbode,customer,AG-10525
523,Adam Hart,customer,AH-10075
524,Anthony Rawles,customer,AR-10825
525,Raymond Messe,customer,RM-19375
526,Deborah Brumfield,customer,DB-13270
527,Cari Sayre,customer,CS-11845
528,Kalyca Meade,customer,KM-16225
529,Luke Weiss,customer,LW-17215
530,Beth Paige,customer,BP-11290
531,Brian Stugart,customer,BS-11665
532,Rob Dowd,customer,RD-19585
533,Ben Peterman,customer,BP-11185
534,Phillina Ober,customer,PO-19195
535,Ken Lonsdale,customer,KL-16645
536,Cari Schnelling,customer,CS-11860
537,Mike Pelletier,customer,MP-18175
538,Bobby Elias,customer,BE-11410
539,Katrina Edelman,customer,KE-16420
540,Bill Donatelli,customer,BD-11320
541,Valerie Takahito,customer,VT-21700
542,Bradley Drucker,customer,BD-11500
543,Steve Nguyen,customer,SN-20710
544,Mary Zewe,customer,MZ-17515
545,Bill Shonely,customer,BS-11365
546,Christine Phan,customer,CP-12340
547,Jonathan Doherty,customer,JD-15895
548,Allen Armold,customer,AA-10375
549,Jim Kriz,customer,JK-15640
550,Thomas Brumley,customer,TB-21190
551,Henry Goldwyn,customer,HG-14965
552,John Huston,customer,JH-15820
553,Larry Hughes,customer,LH-16750
554,Vivek Grady,customer,VG-21805
555,Kean Takahito,customer,KT-16465
556,Lena Hernandez,customer,LH-16900
557,Stephanie Phelps,customer,SP-20650
558,Craig Yedwab,customer,CY-12745
559,Charles Crestani,customer,CC-12145
560,Tom Ashbrook,customer,TA-21385
561,Stewart Carmichael,customer,SC-20770
562,Alejandro Ballentine,customer,AB-10255
563,Matthew Grinstein,customer,MG-17650
564,Jamie Frazer,customer,JF-15190
565,Rob Williams,customer,RW-19630
566,Paul Knutson,customer,PK-18910
567,Larry Tron,customer,LT-16765
568,Michael Dominguez,customer,MD-17860
569,Tom Boeckenhauer,customer,TB-21400
570,George Bell,customer,GB-14530
571,Peter Fuller,customer,PF-19120
572,Amy Hunt,customer,AH-10465
573,Tamara Chand,customer,TC-20980
574,Denny Joy,customer,DJ-13420
575,Juliana Krohn,customer,JK-16090
576,Bart Folk,customer,BF-11080
577,Alex Avila,customer,AA-10315
578,Matt Connell,customer,MC-17605
579,Daniel Lacy,customer,DL-12925
580,Skye Norling,customer,SN-20560
581,Paul Gonzalez,customer,PG-18895
582,Erin Creighton,customer,EC-14050
583,John Lee,customer,JL-15835
584,Maria Bertelson,customer,MB-17305
585,Nick Crebassa,customer,NC-18535
586,Amy Cox,customer,AC-10450
587,Grace Kelly,customer,GK-14620
588,Hilary Holden,customer,HH-15010
589,Jeremy Pistek,customer,JP-15520
590,Sally Knutson,customer,SK-19990
591,Vivek Gonzalez,customer,VG-21790
592,Mike Vittorini,customer,MV-18190
593,Tamara Dahlen,customer,TD-20995
594,Sarah Jordon,customer,SJ-20215
595,Michelle Tran,customer,MT-18070
596,Hallie Redmond,customer,HR-14770
597,Erin Ashbrook,customer,EA-14035
598,John Murray,customer,JM-15865
599,Adrian Shami,customer,AS-10135
600,Kelly Williams,customer,KW-16570
601,Pete Takahito,customer,PT-19090
602,Eric Murdock,customer,EM-13960
603,Dianna Vittorini,customer,DV-13465
604,Steven Ward,customer,SW-20755
605,Frank Carlisle,customer,FC-14245
606,Craig Leslie,customer,CL-12700
607,Alan Haines,customer,AH-10195
608,Thomas Thornton,customer,TT-21220
609,Carol Darley,customer,CD-11980
610,Michael Paige,customer,MP-17965
611,Fred McMath,customer,FM-14380
612,Natalie Fritzler,customer,NF-18385
613,Edward Becker,customer,EB-13750
614,Matt Collins,customer,MC-17575
615,Ralph Kennedy,customer,RK-19300
616,Tiffany House,customer,TH-21235
617,John Stevenson,customer,JS-15880
618,Benjamin Patterson,customer,BP-11230
619,Randy Bradley,customer,RB-19330
620,Harold Engle,customer,HE-14800
621,Thomas Boland,customer,TB-21175
622,Clay Cheatham,customer,CC-12550
623,Justin Deggeller,customer,JD-16150
624,Nicole Hansen,customer,NH-18610
625,Delfina Latchford,customer,DL-13315
626,Julia West,customer,JW-16075
627,Larry Blacks,customer,LB-16735
628,Theresa Swint,customer,TS-21160
629,Sharelle Roach,customer,SR-20425
630,Frank Hawley,customer,FH-14275
631,Sean Miller,customer,SM-20320
632,Trudy Schmidt,customer,TS-21655
633,Steven Cartwright,customer,SC-20725
634,Yana Sorensen,customer,YS-21880
635,Jack O'Briant,customer,JO-15145
636,Sheri Gordon,customer,SG-20470
637,Lycoris Saunders,customer,LS-17230
638,Jennifer Ferguson,customer,JF-15415
639,Bradley Nguyen,customer,BN-11515
640,Andrew Gjertsen,customer,AG-10495
641,David Wiener,customer,DW-13195
642,Corey Catlett,customer,CC-12610
643,Alan Dominguez,customer,AD-10180
644,Fred Hopkins,customer,FH-14365
645,Jason Klamczynski,customer,JK-15325
646,Mark Packer,customer,MP-17470
647,Alejandro Savely,customer,AS-10285
648,Laurel Workman,customer,LW-16825
649,Anne Pryor,customer,AP-10720
650,Nick Zandusky,customer,NZ-18565
651,Sarah Bern,customer,SB-20170
652,Ross Baird,customer,RB-19795
653,William Brown,customer,WB-21850
654,Dionis Lloyd,customer,DL-13495
655,Christy Brittain,customer,CB-12415
656,Corinna Mitchell,customer,CM-12655
657,Muhammed Lee,customer,ML-18265
658,Carl Jackson,customer,CJ-11875
659,Hunter Lopez,customer,HL-15040
660,Guy Armstrong,customer,GA-14725
661,Toby Carlisle,customer,TC-21295
662,Kimberly Carter,customer,KC-16675
663,Craig Molinari,customer,CM-12715
664,Claudia Bergmann,customer,CB-12535
665,David Kendrick,customer,DK-13150
666,Liz Preis,customer,LP-17095
667,Chris Selesnick,customer,CS-12250
668,Bradley Talbott,customer,BT-11530
669,Chris Cortes,customer,CC-12220
670,Mike Kennedy,customer,MK-18160
671,Michael Grace,customer,MG-17875
672,Giulietta Baptist,customer,GB-14575
673,Astrea Jones,customer,AJ-10960
674,Vicky Freymann,customer,VF-21715
675,Tony Sayre,customer,TS-21505
676,Matt Hagelstein,customer,MH-17620
677,Jane Waco,customer,JW-15220
678,Ken Brennan,customer,KB-16600
679,Bill Stewart,customer,BS-11380
680,Michelle Arnett,customer,MA-17995
681,Liz MacKendrick,customer,LM-17065
682,Erica Smith,customer,ES-14020
683,Tracy Blumstein,customer,TB-21520
684,Jas O'Carroll,customer,JO-15280
685,Helen Abelman,customer,HA-14905
686,Claire Gute,customer,CG-12520
687,Mick Brown,customer,MB-18085
688,Anemone Ratner,customer,AR-10570
689,Rick Reed,customer,RR-19525
690,Bill Overfelt,customer,BO-11350
691,Sylvia Foulston,customer,SF-20965
692,Bryan Mills,customer,BM-11785
693,Aaron Bergman,customer,AB-10015
694,Christopher Conant,customer,CC-12370
695,Keith Dawkins,customer,KD-16495
696,Luke Schmidt,customer,LS-17200
697,Tony Molinari,customer,TM-21490
698,Darrin Martin,customer,DM-13015
699,Angele Hood,customer,AH-10585
700,Lindsay Castell,customer,LC-16960
701,Michael Granlund,customer,MG-17890
702,Dave Poirier,customer,DP-13105
703,Kunst Miller,customer,KM-16720
704,Ricardo Sperren,customer,RS-19420
705,Dorothy Dickinson,customer,DD-13570
706,Cynthia Arntzen,customer,CA-12775
707,Harold Dahlen,customer,HD-14785
708,Anthony Johnson,customer,AJ-10795
709,Keith Herrera,customer,KH-16510
710,Brad Norvell,customer,BN-11470
711,Sung Chung,customer,SC-20845
712,Roland Schwarz,customer,RS-19765
713,Rick Duston,customer,RD-19480
714,Linda Southworth,customer,LS-16945
715,Russell D'Ascenzo,customer,RD-19930
716,Jason Gross,customer,JG-15310
717,Bill Tyler,customer,BT-11395
718,Laura Armstrong,customer,LA-16780
719,Chad McGuire,customer,CM-12115
720,Jennifer Halladay,customer,JH-15430
721,Bart Pistole,customer,BP-11095
722,Jennifer Braxton,customer,JB-15400
723,Matthew Clasen,customer,MC-17635
724,Shahid Collister,customer,SC-20380
725,Eleni McCrary,customer,EM-13810
726,Toby Braunhardt,customer,TB-21280
727,Carlos Daly,customer,CD-11920
728,Katrina Willman,customer,KW-16435
729,Toby Gnade,customer,TG-21310
730,Candace McMahon,customer,CM-11815
731,Guy Thornton,customer,GT-14755
732,Brian Dahlen,customer,BD-11605
733,Lisa Ryan,customer,LR-17035
734,Pamela Coakley,customer,PC-18745
735,Bruce Degenhardt,customer,BD-11725
736,Adam Bellavance,customer,AB-10060
737,Aaron Smayling,customer,AS-10045
738,Stefania Perrino,customer,SP-20620
739,Luke Foster,customer,LF-17185
740,Emily Grady,customer,EG-13900
741,Michelle Moray,customer,MM-18055
742,Julie Kriz,customer,JK-16120
743,Neil Französisch,customer,NF-18475
744,Carl Ludwig,customer,CL-11890
745,Ann Steele,customer,AS-10630
746,Ted Trevino,customer,TT-21070
747,Henia Zydlo,customer,HZ-14950
748,Aimee Bixby,customer,AB-10150
749,Erica Bern,customer,EB-13975
750,Mark Van Huff,customer,MV-17485
751,Nat Carroll,customer,NC-18340
752,Melanie Seite,customer,MS-17830
753,Robert Dilbeck,customer,RD-19660
754,Greg Tran,customer,GT-14710
755,Adrian Barton,customer,AB-10105
756,Stuart Van,customer,SV-20815
757,Deirdre Greer,customer,DG-13300
758,Dorothy Wardle,customer,DW-13585
759,Karen Carlisle,customer,KC-16255
760,Valerie Dominguez,customer,VD-21670
761,Paul Stevenson,customer,PS-18970
762,Matt Collister,customer,MC-17590
763,Alan Hwang,customer,AH-10210
764,Cathy Armstrong,customer,CA-12055
765,Pierre Wener,customer,PW-19240
766,Thomas Seio,customer,TS-21205
767,Sarah Foster,customer,SF-20200
768,Liz Carlisle,customer,LC-17050
769,Gary Zandusky,customer,GZ-14470
770,Chris McAfee,customer,CM-12235
771,Shirley Daniels,customer,SD-20485
772,Ann Blume,customer,AB-10600
773,Susan Vittorini,customer,SV-20935
774,Fred Harton,customer,FH-14350
775,Damala Kotsonis,customer,DK-12835
776,Evan Henry,customer,EH-14185
777,Dean percer,customer,Dp-13240
778,Mick Hernandez,customer,MH-18115
779,Lela Donovan,customer,LD-16855
780,Ivan Liston,customer,IL-15100
781,Rick Bensley,customer,RB-19465
782,Art Foster,customer,AF-10885
783,Joy Smith,customer,JS-16030
784,Alyssa Crouse,customer,AC-10420
785,Cynthia Voltz,customer,CV-12805
786,Troy Blackwell,customer,TB-21595
787,Barry Gonzalez,customer,BG-11035
788,Fred Chung,customer,FC-14335
789,Dianna Arnett,customer,DA-13450
790,John Castell,customer,JC-15775
791,Arthur Prichep,customer,AP-10915
792,Mitch Willingham,customer,MW-18235
793,Tracy Hopkins,customer,TH-21550
